{"current":[{"event":1,"points":73,"total_points":73,"rank":631488,"rank_sort":647698,"overall_rank":631488,"percentile_rank":10,"bank":5,"value":1000,"event_transfers":0,"event_transfers_cost":0,"points_on_bench":12},{"event":2,"points":62,"total_points":135,"rank":2076094,"rank_sort":2088465,"overall_rank":371570,"percentile_rank":20,"bank":5,"value":1002,"event_transfers":0,"event_transfers_cost":0,"points_on_bench":6},{"event":3,"points":52,"total_points":187,"rank":3867310,"rank_sort":3884952,"overall_rank":430248,"percentile_rank":35,"bank":5,"value":1007,"event_transfers":0,"event_transfers_cost":0,"points_on_bench":4}],"past":[{"season_name":"2018/19","total_points":1972,"rank":2218467},{"season_name":"2019/20","total_points":2078,"rank":1096331},{"season_name":"2020/21","total_points":1529,"rank":6405005},{"season_name":"2021/22","total_points":1565,"rank":6962119},{"season_name":"2022/23","total_points":1905,"rank":6388715},{"season_name":"2023/24","total_points":2448,"rank":187993},{"season_name":"2024/25","total_points":2337,"rank":1098759}],"chips":[]}