{"current":[{"event":1,"points":46,"total_points":46,"rank":6908104,"rank_sort":7071085,"overall_rank":6908093,"percentile_rank":75,"bank":0,"value":1000,"event_transfers":0,"event_transfers_cost":0,"points_on_bench":13},{"event":2,"points":39,"total_points":85,"rank":8702319,"rank_sort":8764321,"overall_rank":7974800,"percentile_rank":85,"bank":0,"value":1001,"event_transfers":0,"event_transfers_cost":0,"points_on_bench":7},{"event":3,"points":41,"total_points":126,"rank":7987946,"rank_sort":8054839,"overall_rank":8106008,"percentile_rank":75,"bank":0,"value":998,"event_transfers":0,"event_transfers_cost":0,"points_on_bench":2}],"past":[{"season_name":"2017/18","total_points":1590,"rank":4304448},{"season_name":"2018/19","total_points":1957,"rank":2407375},{"season_name":"2019/20","total_points":1465,"rank":6552757},{"season_name":"2020/21","total_points":2047,"rank":2175572},{"season_name":"2021/22","total_points":2284,"rank":731584},{"season_name":"2022/23","total_points":2290,"rank":1636242},{"season_name":"2023/24","total_points":2268,"rank":1358698},{"season_name":"2024/25","total_points":2448,"rank":301684}],"chips":[]}