{"current":[{"event":1,"points":68,"total_points":68,"rank":1235729,"rank_sort":1330309,"overall_rank":1235729,"percentile_rank":15,"bank":0,"value":1000,"event_transfers":0,"event_transfers_cost":0,"points_on_bench":0},{"event":2,"points":70,"total_points":138,"rank":831333,"rank_sort":853565,"overall_rank":256492,"percentile_rank":10,"bank":0,"value":1001,"event_transfers":0,"event_transfers_cost":0,"points_on_bench":0},{"event":3,"points":39,"total_points":177,"rank":8866535,"rank_sort":8903085,"overall_rank":1075122,"percentile_rank":80,"bank":0,"value":1001,"event_transfers":2,"event_transfers_cost":0,"points_on_bench":2}],"past":[{"season_name":"2022/23","total_points":1668,"rank":8729147},{"season_name":"2023/24","total_points":2174,"rank":2529413}],"chips":[{"name":"bboost","time":"2025-08-15T08:08:03.491213Z","event":1}]}