{"current":[{"event":1,"points":63,"total_points":63,"rank":2149481,"rank_sort":2212016,"overall_rank":2149481,"percentile_rank":25,"bank":0,"value":1000,"event_transfers":0,"event_transfers_cost":0,"points_on_bench":13},{"event":2,"points":61,"total_points":124,"rank":2290696,"rank_sort":2312876,"overall_rank":1190219,"percentile_rank":25,"bank":0,"value":1001,"event_transfers":0,"event_transfers_cost":0,"points_on_bench":12},{"event":3,"points":49,"total_points":173,"rank":5135661,"rank_sort":5160628,"overall_rank":1430318,"percentile_rank":50,"bank":0,"value":1006,"event_transfers":1,"event_transfers_cost":0,"points_on_bench":12}],"past":[{"season_name":"2019/20","total_points":1888,"rank":3223670},{"season_name":"2020/21","total_points":1885,"rank":3727399},{"season_name":"2021/22","total_points":1923,"rank":3537218},{"season_name":"2022/23","total_points":2211,"rank":2558491},{"season_name":"2023/24","total_points":2083,"rank":3750233},{"season_name":"2024/25","total_points":2246,"rank":2194517}],"chips":[]}