{"current":[{"event":1,"points":61,"total_points":61,"rank":2607688,"rank_sort":2647015,"overall_rank":2607687,"percentile_rank":30,"bank":0,"value":1000,"event_transfers":0,"event_transfers_cost":0,"points_on_bench":9},{"event":2,"points":42,"total_points":103,"rank":7951736,"rank_sort":7969553,"overall_rank":4919019,"percentile_rank":75,"bank":0,"value":1001,"event_transfers":0,"event_transfers_cost":0,"points_on_bench":10},{"event":3,"points":65,"total_points":168,"rank":865963,"rank_sort":869842,"overall_rank":2037157,"percentile_rank":10,"bank":13,"value":1004,"event_transfers":2,"event_transfers_cost":0,"points_on_bench":4}],"past":[{"season_name":"2017/18","total_points":1620,"rank":4121515},{"season_name":"2018/19","total_points":2118,"rank":702743},{"season_name":"2019/20","total_points":1912,"rank":2932958},{"season_name":"2020/21","total_points":2032,"rank":2312609},{"season_name":"2021/22","total_points":2101,"rank":1912716},{"season_name":"2022/23","total_points":2467,"rank":289308},{"season_name":"2023/24","total_points":2438,"rank":220456},{"season_name":"2024/25","total_points":2329,"rank":1183625}],"chips":[]}