{"current":[{"event":1,"points":44,"total_points":44,"rank":7400956,"rank_sort":7493840,"overall_rank":7400945,"percentile_rank":80,"bank":0,"value":1000,"event_transfers":0,"event_transfers_cost":0,"points_on_bench":14},{"event":2,"points":76,"total_points":120,"rank":388319,"rank_sort":397021,"overall_rank":1755577,"percentile_rank":5,"bank":0,"value":1001,"event_transfers":1,"event_transfers_cost":0,"points_on_bench":5},{"event":3,"points":38,"total_points":154,"rank":9157076,"rank_sort":9181958,"overall_rank":4281438,"percentile_rank":85,"bank":33,"value":1006,"event_transfers":2,"event_transfers_cost":4,"points_on_bench":11}],"past":[{"season_name":"2023/24","total_points":2447,"rank":193128},{"season_name":"2024/25","total_points":2340,"rank":1074911}],"chips":[]}