{"current":[{"event":1,"points":55,"total_points":55,"rank":4223904,"rank_sort":4231509,"overall_rank":4223898,"percentile_rank":45,"bank":0,"value":1000,"event_transfers":0,"event_transfers_cost":0,"points_on_bench":4},{"event":2,"points":58,"total_points":113,"rank":3021533,"rank_sort":3023426,"overall_rank":2841827,"percentile_rank":30,"bank":0,"value":1001,"event_transfers":0,"event_transfers_cost":0,"points_on_bench":13},{"event":3,"points":60,"total_points":173,"rank":1599062,"rank_sort":1600026,"overall_rank":1409307,"percentile_rank":15,"bank":0,"value":1002,"event_transfers":0,"event_transfers_cost":0,"points_on_bench":3}],"past":[{"season_name":"2018/19","total_points":1885,"rank":3252405},{"season_name":"2019/20","total_points":2033,"rank":1534512},{"season_name":"2020/21","total_points":2170,"rank":1123847},{"season_name":"2021/22","total_points":2535,"rank":63351},{"season_name":"2022/23","total_points":2249,"rank":2098668},{"season_name":"2023/24","total_points":2101,"rank":3519643},{"season_name":"2024/25","total_points":2362,"rank":866385}],"chips":[]}