{"current":[{"event":1,"points":67,"total_points":67,"rank":1392305,"rank_sort":1418943,"overall_rank":1392305,"percentile_rank":15,"bank":5,"value":1000,"event_transfers":0,"event_transfers_cost":0,"points_on_bench":5},{"event":2,"points":49,"total_points":116,"rank":5811696,"rank_sort":5834170,"overall_rank":2307349,"percentile_rank":55,"bank":5,"value":1001,"event_transfers":0,"event_transfers_cost":0,"points_on_bench":16},{"event":3,"points":57,"total_points":173,"rank":2430574,"rank_sort":2440460,"overall_rank":1430318,"percentile_rank":25,"bank":30,"value":1004,"event_transfers":1,"event_transfers_cost":0,"points_on_bench":7}],"past":[{"season_name":"2023/24","total_points":2382,"rank":450747},{"season_name":"2024/25","total_points":2520,"rank":83776}],"chips":[]}