{"current":[{"event":1,"points":39,"total_points":39,"rank":8366126,"rank_sort":8511051,"overall_rank":8366113,"percentile_rank":90,"bank":0,"value":1000,"event_transfers":0,"event_transfers_cost":0,"points_on_bench":7},{"event":2,"points":67,"total_points":106,"rank":1207900,"rank_sort":1260381,"overall_rank":4274377,"percentile_rank":15,"bank":0,"value":999,"event_transfers":0,"event_transfers_cost":0,"points_on_bench":6},{"event":3,"points":53,"total_points":159,"rank":3524366,"rank_sort":3633469,"overall_rank":3310045,"percentile_rank":35,"bank":0,"value":998,"event_transfers":0,"event_transfers_cost":0,"points_on_bench":2}],"past":[{"season_name":"2022/23","total_points":2009,"rank":5130928},{"season_name":"2024/25","total_points":1925,"rank":6269410}],"chips":[]}