{"current":[{"event":1,"points":58,"total_points":58,"rank":3379513,"rank_sort":3460822,"overall_rank":3379511,"percentile_rank":40,"bank":0,"value":1000,"event_transfers":0,"event_transfers_cost":0,"points_on_bench":16},{"event":2,"points":57,"total_points":115,"rank":3433596,"rank_sort":3462627,"overall_rank":2563260,"percentile_rank":35,"bank":5,"value":1001,"event_transfers":1,"event_transfers_cost":0,"points_on_bench":15},{"event":3,"points":41,"total_points":156,"rank":8141849,"rank_sort":8164697,"overall_rank":3876509,"percentile_rank":75,"bank":3,"value":1001,"event_transfers":1,"event_transfers_cost":0,"points_on_bench":12}],"past":[{"season_name":"2016/17","total_points":1613,"rank":3001750},{"season_name":"2017/18","total_points":1879,"rank":2184245},{"season_name":"2018/19","total_points":1565,"rank":5273044},{"season_name":"2019/20","total_points":1864,"rank":3518028},{"season_name":"2020/21","total_points":1896,"rank":3621130},{"season_name":"2021/22","total_points":1804,"rank":4760893},{"season_name":"2022/23","total_points":1781,"rank":7727267},{"season_name":"2023/24","total_points":2119,"rank":3282411},{"season_name":"2024/25","total_points":2354,"rank":940255}],"chips":[]}