{"current":[{"event":1,"points":48,"total_points":48,"rank":6360211,"rank_sort":6424293,"overall_rank":6360201,"percentile_rank":70,"bank":0,"value":1000,"event_transfers":0,"event_transfers_cost":0,"points_on_bench":5},{"event":2,"points":39,"total_points":87,"rank":8702319,"rank_sort":8725455,"overall_rank":7734008,"percentile_rank":85,"bank":0,"value":1000,"event_transfers":0,"event_transfers_cost":0,"points_on_bench":12},{"event":3,"points":41,"total_points":128,"rank":8222396,"rank_sort":8239582,"overall_rank":7958982,"percentile_rank":75,"bank":8,"value":1000,"event_transfers":2,"event_transfers_cost":0,"points_on_bench":6}],"past":[{"season_name":"2013/14","total_points":1164,"rank":3040087},{"season_name":"2014/15","total_points":1682,"rank":1711714},{"season_name":"2015/16","total_points":1874,"rank":1381483},{"season_name":"2016/17","total_points":1497,"rank":3520787},{"season_name":"2017/18","total_points":1603,"rank":4226935},{"season_name":"2018/19","total_points":1905,"rank":3029221},{"season_name":"2019/20","total_points":1983,"rank":2093948},{"season_name":"2020/21","total_points":2163,"rank":1178343},{"season_name":"2021/22","total_points":2303,"rank":647541},{"season_name":"2022/23","total_points":2223,"rank":2419520},{"season_name":"2023/24","total_points":2353,"rank":622064},{"season_name":"2024/25","total_points":2366,"rank":828669}],"chips":[]}