{"current":[{"event":1,"points":67,"total_points":67,"rank":1392305,"rank_sort":1400041,"overall_rank":1392305,"percentile_rank":15,"bank":0,"value":1000,"event_transfers":0,"event_transfers_cost":0,"points_on_bench":14},{"event":2,"points":75,"total_points":142,"rank":418111,"rank_sort":418914,"overall_rank":151791,"percentile_rank":5,"bank":0,"value":1001,"event_transfers":0,"event_transfers_cost":0,"points_on_bench":7},{"event":3,"points":56,"total_points":198,"rank":2587151,"rank_sort":2591366,"overall_rank":134032,"percentile_rank":25,"bank":0,"value":1005,"event_transfers":0,"event_transfers_cost":0,"points_on_bench":15}],"past":[{"season_name":"2018/19","total_points":1905,"rank":3028922},{"season_name":"2019/20","total_points":1875,"rank":3392633},{"season_name":"2020/21","total_points":1951,"rank":3096348},{"season_name":"2021/22","total_points":1736,"rank":5456005},{"season_name":"2022/23","total_points":2139,"rank":3480104},{"season_name":"2023/24","total_points":2361,"rank":568855},{"season_name":"2024/25","total_points":2216,"rank":2618670}],"chips":[{"name":"freehit","time":"2025-08-29T00:47:52.398571Z","event":3}]}