{"current":[{"event":1,"points":59,"total_points":59,"rank":3111857,"rank_sort":3351511,"overall_rank":3111856,"percentile_rank":35,"bank":0,"value":1000,"event_transfers":0,"event_transfers_cost":0,"points_on_bench":5},{"event":2,"points":61,"total_points":120,"rank":2404477,"rank_sort":2473489,"overall_rank":1755577,"percentile_rank":25,"bank":5,"value":1001,"event_transfers":1,"event_transfers_cost":0,"points_on_bench":6},{"event":3,"points":64,"total_points":180,"rank":1004529,"rank_sort":1029492,"overall_rank":873166,"percentile_rank":10,"bank":23,"value":1004,"event_transfers":2,"event_transfers_cost":4,"points_on_bench":3}],"past":[{"season_name":"2022/23","total_points":2079,"rank":4243935},{"season_name":"2023/24","total_points":1995,"rank":4853669},{"season_name":"2024/25","total_points":1900,"rank":6514720}],"chips":[]}