{"current":[{"event":1,"points":35,"total_points":35,"rank":8879375,"rank_sort":8884878,"overall_rank":8879360,"percentile_rank":95,"bank":15,"value":1000,"event_transfers":0,"event_transfers_cost":0,"points_on_bench":19},{"event":2,"points":50,"total_points":85,"rank":5658023,"rank_sort":5667159,"overall_rank":8029973,"percentile_rank":55,"bank":19,"value":999,"event_transfers":1,"event_transfers_cost":0,"points_on_bench":5},{"event":3,"points":45,"total_points":130,"rank":6518280,"rank_sort":6526725,"overall_rank":7744868,"percentile_rank":60,"bank":19,"value":996,"event_transfers":0,"event_transfers_cost":0,"points_on_bench":7}],"past":[{"season_name":"2013/14","total_points":1464,"rank":2670334},{"season_name":"2014/15","total_points":1622,"rank":1998882},{"season_name":"2015/16","total_points":1556,"rank":2723458},{"season_name":"2018/19","total_points":1597,"rank":5168529},{"season_name":"2019/20","total_points":1755,"rank":4767328},{"season_name":"2020/21","total_points":2245,"rank":632431},{"season_name":"2021/22","total_points":2061,"rank":2244783},{"season_name":"2022/23","total_points":2016,"rank":5046313},{"season_name":"2023/24","total_points":1515,"rank":9478040},{"season_name":"2024/25","total_points":2469,"rank":217705}],"chips":[{"name":"freehit","time":"2025-08-26T08:22:43.524470Z","event":3}]}