{"current":[{"event":1,"points":56,"total_points":56,"rank":3932979,"rank_sort":4203098,"overall_rank":3932974,"percentile_rank":45,"bank":0,"value":1000,"event_transfers":0,"event_transfers_cost":0,"points_on_bench":4},{"event":2,"points":55,"total_points":111,"rank":4022520,"rank_sort":4115109,"overall_rank":3324047,"percentile_rank":40,"bank":13,"value":1000,"event_transfers":1,"event_transfers_cost":0,"points_on_bench":13},{"event":3,"points":56,"total_points":167,"rank":2717662,"rank_sort":2778794,"overall_rank":2168756,"percentile_rank":25,"bank":41,"value":1005,"event_transfers":1,"event_transfers_cost":0,"points_on_bench":4}],"past":[{"season_name":"2019/20","total_points":1886,"rank":3251091},{"season_name":"2020/21","total_points":2213,"rank":826849},{"season_name":"2021/22","total_points":2199,"rank":1206037},{"season_name":"2022/23","total_points":2293,"rank":1597612},{"season_name":"2023/24","total_points":2234,"rank":1750493},{"season_name":"2024/25","total_points":2427,"rank":405300}],"chips":[]}