{"current":[{"event":1,"points":75,"total_points":75,"rank":468092,"rank_sort":517532,"overall_rank":468092,"percentile_rank":5,"bank":0,"value":1000,"event_transfers":0,"event_transfers_cost":0,"points_on_bench":0},{"event":2,"points":43,"total_points":118,"rank":7673712,"rank_sort":7750130,"overall_rank":1982826,"percentile_rank":75,"bank":4,"value":1002,"event_transfers":0,"event_transfers_cost":0,"points_on_bench":15},{"event":3,"points":36,"total_points":154,"rank":9506508,"rank_sort":9556416,"overall_rank":4150981,"percentile_rank":85,"bank":4,"value":1010,"event_transfers":0,"event_transfers_cost":0,"points_on_bench":10}],"past":[{"season_name":"2018/19","total_points":1546,"rank":5325951},{"season_name":"2019/20","total_points":2023,"rank":1639882},{"season_name":"2020/21","total_points":1810,"rank":4402466},{"season_name":"2021/22","total_points":1929,"rank":3474475},{"season_name":"2022/23","total_points":1570,"rank":9409972},{"season_name":"2023/24","total_points":2044,"rank":4248939},{"season_name":"2024/25","total_points":2087,"rank":4452824}],"chips":[{"name":"bboost","time":"2025-08-13T07:30:25.353674Z","event":1},{"name":"wildcard","time":"2025-08-17T17:05:59.166160Z","event":2}]}