{"current":[{"event":1,"points":50,"total_points":50,"rank":5781366,"rank_sort":5821871,"overall_rank":5781357,"percentile_rank":65,"bank":5,"value":1000,"event_transfers":0,"event_transfers_cost":0,"points_on_bench":6},{"event":2,"points":53,"total_points":103,"rank":4666867,"rank_sort":4682560,"overall_rank":5021683,"percentile_rank":45,"bank":14,"value":999,"event_transfers":1,"event_transfers_cost":0,"points_on_bench":7},{"event":3,"points":46,"total_points":149,"rank":6128430,"rank_sort":6143707,"overall_rank":5045598,"percentile_rank":55,"bank":14,"value":1001,"event_transfers":0,"event_transfers_cost":0,"points_on_bench":7}],"past":[{"season_name":"2017/18","total_points":1904,"rank":1978840},{"season_name":"2018/19","total_points":1854,"rank":3580935},{"season_name":"2019/20","total_points":2072,"rank":1156724},{"season_name":"2020/21","total_points":2161,"rank":1191739},{"season_name":"2021/22","total_points":2166,"rank":1427098}],"chips":[{"name":"wildcard","time":"2025-08-27T12:08:38.139075Z","event":3}]}