{"current":[{"event":1,"points":61,"total_points":61,"rank":2607688,"rank_sort":2632753,"overall_rank":2607687,"percentile_rank":30,"bank":0,"value":1000,"event_transfers":0,"event_transfers_cost":0,"points_on_bench":0},{"event":2,"points":47,"total_points":108,"rank":6465899,"rank_sort":6479767,"overall_rank":3840714,"percentile_rank":65,"bank":0,"value":1000,"event_transfers":0,"event_transfers_cost":0,"points_on_bench":11},{"event":3,"points":40,"total_points":148,"rank":8554323,"rank_sort":8561579,"overall_rank":5244406,"percentile_rank":80,"bank":2,"value":1001,"event_transfers":2,"event_transfers_cost":0,"points_on_bench":16}],"past":[{"season_name":"2017/18","total_points":1710,"rank":3495387},{"season_name":"2018/19","total_points":1891,"rank":3189948},{"season_name":"2019/20","total_points":1986,"rank":2057842},{"season_name":"2020/21","total_points":1786,"rank":4610422},{"season_name":"2021/22","total_points":2193,"rank":1241877},{"season_name":"2022/23","total_points":2381,"rank":787624},{"season_name":"2023/24","total_points":2248,"rank":1583494},{"season_name":"2024/25","total_points":2420,"rank":446849}],"chips":[{"name":"bboost","time":"2025-08-15T10:48:01.063839Z","event":1}]}