{"current":[{"event":1,"points":55,"total_points":55,"rank":4223904,"rank_sort":4233639,"overall_rank":4223898,"percentile_rank":45,"bank":0,"value":1000,"event_transfers":0,"event_transfers_cost":0,"points_on_bench":2},{"event":2,"points":53,"total_points":108,"rank":4666867,"rank_sort":4668997,"overall_rank":3954130,"percentile_rank":45,"bank":15,"value":999,"event_transfers":1,"event_transfers_cost":0,"points_on_bench":6},{"event":3,"points":46,"total_points":154,"rank":6302765,"rank_sort":6304544,"overall_rank":4217967,"percentile_rank":60,"bank":0,"value":999,"event_transfers":1,"event_transfers_cost":0,"points_on_bench":3}],"past":[{"season_name":"2023/24","total_points":2234,"rank":1755643},{"season_name":"2024/25","total_points":2205,"rank":2772238}],"chips":[]}