{"current":[{"event":1,"points":71,"total_points":71,"rank":838026,"rank_sort":862410,"overall_rank":838026,"percentile_rank":10,"bank":0,"value":1000,"event_transfers":0,"event_transfers_cost":0,"points_on_bench":5},{"event":2,"points":60,"total_points":131,"rank":2518526,"rank_sort":2536685,"overall_rank":587695,"percentile_rank":25,"bank":0,"value":1002,"event_transfers":0,"event_transfers_cost":0,"points_on_bench":7},{"event":3,"points":57,"total_points":188,"rank":2310079,"rank_sort":2327808,"overall_rank":390331,"percentile_rank":25,"bank":0,"value":1005,"event_transfers":0,"event_transfers_cost":0,"points_on_bench":5}],"past":[{"season_name":"2017/18","total_points":1632,"rank":4040201},{"season_name":"2018/19","total_points":1689,"rank":4783552},{"season_name":"2019/20","total_points":1794,"rank":4342415},{"season_name":"2020/21","total_points":1850,"rank":4049678},{"season_name":"2021/22","total_points":1578,"rank":6861600},{"season_name":"2022/23","total_points":2181,"rank":2934624},{"season_name":"2023/24","total_points":2034,"rank":4372595},{"season_name":"2024/25","total_points":2302,"rank":1482781}],"chips":[{"name":"freehit","time":"2025-08-28T11:37:20.218186Z","event":3}]}