{"current":[{"event":1,"points":47,"total_points":47,"rank":6639003,"rank_sort":6802635,"overall_rank":6638992,"percentile_rank":75,"bank":5,"value":1000,"event_transfers":0,"event_transfers_cost":0,"points_on_bench":0},{"event":2,"points":57,"total_points":104,"rank":3290679,"rank_sort":3355297,"overall_rank":4706099,"percentile_rank":35,"bank":5,"value":1000,"event_transfers":0,"event_transfers_cost":0,"points_on_bench":0},{"event":3,"points":50,"total_points":150,"rank":4920400,"rank_sort":4932745,"overall_rank":4965906,"percentile_rank":45,"bank":70,"value":1003,"event_transfers":3,"event_transfers_cost":4,"points_on_bench":0}],"past":[],"chips":[{"name":"3xc","time":"2025-08-29T19:18:44.570601Z","event":3}]}