{"current":[{"event":1,"points":55,"total_points":55,"rank":4223904,"rank_sort":4415488,"overall_rank":4223898,"percentile_rank":45,"bank":0,"value":1000,"event_transfers":0,"event_transfers_cost":0,"points_on_bench":4},{"event":2,"points":56,"total_points":111,"rank":3570435,"rank_sort":3635857,"overall_rank":3227368,"percentile_rank":35,"bank":0,"value":1001,"event_transfers":0,"event_transfers_cost":0,"points_on_bench":11},{"event":3,"points":60,"total_points":171,"rank":1693658,"rank_sort":1721194,"overall_rank":1646998,"percentile_rank":15,"bank":28,"value":1002,"event_transfers":1,"event_transfers_cost":0,"points_on_bench":4}],"past":[{"season_name":"2017/18","total_points":1900,"rank":2011232},{"season_name":"2019/20","total_points":1829,"rank":3945976},{"season_name":"2020/21","total_points":2295,"rank":383446},{"season_name":"2021/22","total_points":2422,"rank":252805},{"season_name":"2022/23","total_points":2474,"rank":261271},{"season_name":"2023/24","total_points":2453,"rank":174920},{"season_name":"2024/25","total_points":2586,"rank":15108}],"chips":[]}