{"current":[{"event":1,"points":64,"total_points":64,"rank":1939861,"rank_sort":2133574,"overall_rank":1939861,"percentile_rank":25,"bank":0,"value":1000,"event_transfers":0,"event_transfers_cost":0,"points_on_bench":11},{"event":2,"points":34,"total_points":98,"rank":9677273,"rank_sort":9739414,"overall_rank":5939885,"percentile_rank":95,"bank":0,"value":1001,"event_transfers":0,"event_transfers_cost":0,"points_on_bench":5},{"event":3,"points":55,"total_points":153,"rank":2885611,"rank_sort":2978744,"overall_rank":4321641,"percentile_rank":30,"bank":2,"value":1003,"event_transfers":0,"event_transfers_cost":0,"points_on_bench":11}],"past":[{"season_name":"2016/17","total_points":1837,"rank":1576848},{"season_name":"2017/18","total_points":1803,"rank":2786857},{"season_name":"2019/20","total_points":2127,"rank":708526},{"season_name":"2020/21","total_points":2188,"rank":997184},{"season_name":"2021/22","total_points":2357,"rank":438882},{"season_name":"2022/23","total_points":1881,"rank":6663209},{"season_name":"2023/24","total_points":2289,"rank":1140743},{"season_name":"2024/25","total_points":2346,"rank":1012103}],"chips":[{"name":"wildcard","time":"2025-08-29T21:56:22.875038Z","event":3}]}