{"current":[{"event":1,"points":43,"total_points":43,"rank":7620856,"rank_sort":7660331,"overall_rank":7620845,"percentile_rank":85,"bank":0,"value":1000,"event_transfers":0,"event_transfers_cost":0,"points_on_bench":10},{"event":2,"points":61,"total_points":104,"rank":2404477,"rank_sort":2421886,"overall_rank":4810709,"percentile_rank":25,"bank":15,"value":999,"event_transfers":1,"event_transfers_cost":0,"points_on_bench":0},{"event":3,"points":38,"total_points":142,"rank":9091008,"rank_sort":9104926,"overall_rank":6213081,"percentile_rank":85,"bank":19,"value":1000,"event_transfers":1,"event_transfers_cost":0,"points_on_bench":0}],"past":[{"season_name":"2019/20","total_points":1656,"rank":5643678},{"season_name":"2020/21","total_points":1605,"rank":5952647},{"season_name":"2021/22","total_points":2038,"rank":2448491},{"season_name":"2022/23","total_points":2117,"rank":3767089},{"season_name":"2023/24","total_points":2440,"rank":212870},{"season_name":"2024/25","total_points":2348,"rank":990648}],"chips":[]}