{"current":[{"event":1,"points":63,"total_points":63,"rank":2149481,"rank_sort":2280922,"overall_rank":2149481,"percentile_rank":25,"bank":0,"value":1000,"event_transfers":0,"event_transfers_cost":0,"points_on_bench":9},{"event":2,"points":38,"total_points":101,"rank":8927235,"rank_sort":8979574,"overall_rank":5333665,"percentile_rank":85,"bank":0,"value":1001,"event_transfers":0,"event_transfers_cost":0,"points_on_bench":10},{"event":3,"points":63,"total_points":164,"rank":1164700,"rank_sort":1182586,"overall_rank":2590197,"percentile_rank":15,"bank":3,"value":1002,"event_transfers":2,"event_transfers_cost":0,"points_on_bench":15}],"past":[{"season_name":"2018/19","total_points":1876,"rank":3348981},{"season_name":"2019/20","total_points":2195,"rank":316937},{"season_name":"2020/21","total_points":2379,"rank":124623},{"season_name":"2021/22","total_points":2479,"rank":138576},{"season_name":"2022/23","total_points":2512,"rank":136926},{"season_name":"2023/24","total_points":2384,"rank":438240},{"season_name":"2024/25","total_points":2456,"rank":267972}],"chips":[]}