{"current":[{"event":1,"points":45,"total_points":45,"rank":7165720,"rank_sort":7272995,"overall_rank":7165709,"percentile_rank":80,"bank":0,"value":1000,"event_transfers":0,"event_transfers_cost":0,"points_on_bench":1},{"event":2,"points":65,"total_points":110,"rank":1516249,"rank_sort":1543693,"overall_rank":3426960,"percentile_rank":15,"bank":0,"value":1000,"event_transfers":0,"event_transfers_cost":0,"points_on_bench":0},{"event":3,"points":37,"total_points":147,"rank":9244277,"rank_sort":9281087,"overall_rank":5347552,"percentile_rank":85,"bank":0,"value":998,"event_transfers":0,"event_transfers_cost":0,"points_on_bench":0}],"past":[],"chips":[]}