{"current":[{"event":1,"points":48,"total_points":48,"rank":6360211,"rank_sort":6392459,"overall_rank":6360201,"percentile_rank":70,"bank":0,"value":1000,"event_transfers":0,"event_transfers_cost":0,"points_on_bench":15},{"event":2,"points":34,"total_points":82,"rank":9677273,"rank_sort":9684574,"overall_rank":8287824,"percentile_rank":95,"bank":0,"value":1000,"event_transfers":0,"event_transfers_cost":0,"points_on_bench":6},{"event":3,"points":27,"total_points":109,"rank":11015090,"rank_sort":11016536,"overall_rank":9237748,"percentile_rank":100,"bank":9,"value":1000,"event_transfers":2,"event_transfers_cost":0,"points_on_bench":13}],"past":[{"season_name":"2014/15","total_points":1289,"rank":3155523},{"season_name":"2017/18","total_points":1530,"rank":4613243},{"season_name":"2018/19","total_points":1991,"rank":1985981},{"season_name":"2020/21","total_points":1695,"rank":5324967},{"season_name":"2021/22","total_points":1907,"rank":3695463},{"season_name":"2022/23","total_points":2102,"rank":3949361},{"season_name":"2023/24","total_points":2561,"rank":15093},{"season_name":"2024/25","total_points":2544,"rank":48167}],"chips":[]}