{"current":[{"event":1,"points":58,"total_points":58,"rank":3379513,"rank_sort":3396635,"overall_rank":3379511,"percentile_rank":40,"bank":0,"value":1000,"event_transfers":0,"event_transfers_cost":0,"points_on_bench":0},{"event":2,"points":69,"total_points":123,"rank":1046072,"rank_sort":1046659,"overall_rank":1411191,"percentile_rank":10,"bank":0,"value":1001,"event_transfers":2,"event_transfers_cost":4,"points_on_bench":1},{"event":3,"points":41,"total_points":164,"rank":7987946,"rank_sort":7993153,"overall_rank":2590197,"percentile_rank":75,"bank":2,"value":1003,"event_transfers":0,"event_transfers_cost":0,"points_on_bench":12}],"past":[{"season_name":"2018/19","total_points":1879,"rank":3321630},{"season_name":"2019/20","total_points":1677,"rank":5479503},{"season_name":"2020/21","total_points":1833,"rank":4204340},{"season_name":"2021/22","total_points":1498,"rank":7419920},{"season_name":"2022/23","total_points":2013,"rank":5088749},{"season_name":"2023/24","total_points":2230,"rank":1807190},{"season_name":"2024/25","total_points":2030,"rank":5167446}],"chips":[{"name":"bboost","time":"2025-07-31T02:24:46.777737Z","event":1},{"name":"wildcard","time":"2025-08-22T20:53:52.521260Z","event":3}]}