{"current":[{"event":1,"points":60,"total_points":60,"rank":2856515,"rank_sort":2872571,"overall_rank":2856514,"percentile_rank":35,"bank":0,"value":1000,"event_transfers":0,"event_transfers_cost":0,"points_on_bench":4},{"event":2,"points":69,"total_points":129,"rank":1004320,"rank_sort":1006779,"overall_rank":764559,"percentile_rank":10,"bank":0,"value":1001,"event_transfers":1,"event_transfers_cost":0,"points_on_bench":13},{"event":3,"points":49,"total_points":178,"rank":5135661,"rank_sort":5141059,"overall_rank":993271,"percentile_rank":50,"bank":30,"value":1005,"event_transfers":1,"event_transfers_cost":0,"points_on_bench":4}],"past":[{"season_name":"2016/17","total_points":1490,"rank":3546990},{"season_name":"2020/21","total_points":1929,"rank":3305228},{"season_name":"2021/22","total_points":1931,"rank":3457094},{"season_name":"2022/23","total_points":2101,"rank":3970633},{"season_name":"2023/24","total_points":2269,"rank":1352935},{"season_name":"2024/25","total_points":2335,"rank":1125221}],"chips":[]}