{"current":[{"event":1,"points":51,"total_points":51,"rank":5471408,"rank_sort":5665918,"overall_rank":5471399,"percentile_rank":60,"bank":0,"value":1000,"event_transfers":0,"event_transfers_cost":0,"points_on_bench":2},{"event":2,"points":53,"total_points":104,"rank":4480945,"rank_sort":4573842,"overall_rank":4706099,"percentile_rank":45,"bank":0,"value":1000,"event_transfers":0,"event_transfers_cost":0,"points_on_bench":6},{"event":3,"points":53,"total_points":153,"rank":3824089,"rank_sort":3835434,"overall_rank":4452931,"percentile_rank":35,"bank":45,"value":999,"event_transfers":3,"event_transfers_cost":4,"points_on_bench":3}],"past":[{"season_name":"2023/24","total_points":2176,"rank":2502269},{"season_name":"2024/25","total_points":2230,"rank":2414615}],"chips":[]}