{"current":[{"event":1,"points":47,"total_points":47,"rank":6639003,"rank_sort":6703756,"overall_rank":6638992,"percentile_rank":75,"bank":0,"value":1000,"event_transfers":0,"event_transfers_cost":0,"points_on_bench":10},{"event":2,"points":44,"total_points":91,"rank":7387574,"rank_sort":7416112,"overall_rank":7170947,"percentile_rank":70,"bank":0,"value":1000,"event_transfers":0,"event_transfers_cost":0,"points_on_bench":9},{"event":3,"points":48,"total_points":139,"rank":5613716,"rank_sort":5634061,"overall_rank":6655244,"percentile_rank":50,"bank":48,"value":1001,"event_transfers":2,"event_transfers_cost":0,"points_on_bench":11}],"past":[{"season_name":"2023/24","total_points":2455,"rank":169290},{"season_name":"2024/25","total_points":2601,"rank":9388}],"chips":[]}