{"current":[{"event":1,"points":28,"total_points":28,"rank":9329711,"rank_sort":9340501,"overall_rank":9329695,"percentile_rank":100,"bank":5,"value":1000,"event_transfers":0,"event_transfers_cost":0,"points_on_bench":6},{"event":2,"points":48,"total_points":76,"rank":6318163,"rank_sort":6359987,"overall_rank":8801874,"percentile_rank":60,"bank":4,"value":999,"event_transfers":1,"event_transfers_cost":0,"points_on_bench":0},{"event":3,"points":54,"total_points":130,"rank":3195771,"rank_sort":3234700,"overall_rank":7744868,"percentile_rank":30,"bank":4,"value":993,"event_transfers":0,"event_transfers_cost":0,"points_on_bench":2}],"past":[{"season_name":"2016/17","total_points":1746,"rank":2190877},{"season_name":"2017/18","total_points":1646,"rank":3951982},{"season_name":"2018/19","total_points":1859,"rank":3529090},{"season_name":"2019/20","total_points":1743,"rank":4890048},{"season_name":"2020/21","total_points":1709,"rank":5223624},{"season_name":"2023/24","total_points":2300,"rank":1033905},{"season_name":"2024/25","total_points":2300,"rank":1501556}],"chips":[{"name":"freehit","time":"2025-08-30T01:47:05.301122Z","event":3}]}