{"current":[{"event":1,"points":53,"total_points":53,"rank":4864965,"rank_sort":5170369,"overall_rank":4864958,"percentile_rank":55,"bank":110,"value":1000,"event_transfers":0,"event_transfers_cost":0,"points_on_bench":0},{"event":2,"points":24,"total_points":77,"rank":10585522,"rank_sort":10603575,"overall_rank":8698649,"percentile_rank":100,"bank":110,"value":1001,"event_transfers":0,"event_transfers_cost":0,"points_on_bench":0},{"event":3,"points":29,"total_points":106,"rank":10773037,"rank_sort":10807856,"overall_rank":9352141,"percentile_rank":100,"bank":110,"value":999,"event_transfers":0,"event_transfers_cost":0,"points_on_bench":0}],"past":[],"chips":[]}