{"current":[{"event":1,"points":54,"total_points":54,"rank":4551060,"rank_sort":4594552,"overall_rank":4551053,"percentile_rank":50,"bank":0,"value":1000,"event_transfers":0,"event_transfers_cost":0,"points_on_bench":17},{"event":2,"points":53,"total_points":107,"rank":4480945,"rank_sort":4502618,"overall_rank":4061232,"percentile_rank":45,"bank":0,"value":1000,"event_transfers":0,"event_transfers_cost":0,"points_on_bench":8},{"event":3,"points":58,"total_points":165,"rank":2053853,"rank_sort":2064095,"overall_rank":2387481,"percentile_rank":20,"bank":0,"value":1000,"event_transfers":0,"event_transfers_cost":0,"points_on_bench":17}],"past":[{"season_name":"2019/20","total_points":632,"rank":7364812},{"season_name":"2020/21","total_points":1995,"rank":2666819},{"season_name":"2021/22","total_points":1876,"rank":4018866},{"season_name":"2022/23","total_points":2052,"rank":4590143},{"season_name":"2023/24","total_points":1885,"rank":6179514},{"season_name":"2024/25","total_points":2136,"rank":3779191}],"chips":[{"name":"freehit","time":"2025-08-30T00:05:13.114658Z","event":3}]}