{"current":[{"event":1,"points":60,"total_points":60,"rank":2856515,"rank_sort":3024679,"overall_rank":2856514,"percentile_rank":35,"bank":5,"value":1000,"event_transfers":0,"event_transfers_cost":0,"points_on_bench":14},{"event":2,"points":53,"total_points":113,"rank":4480945,"rank_sort":4576594,"overall_rank":2841827,"percentile_rank":45,"bank":5,"value":1000,"event_transfers":0,"event_transfers_cost":0,"points_on_bench":5},{"event":3,"points":36,"total_points":149,"rank":9506508,"rank_sort":9555337,"overall_rank":5009421,"percentile_rank":85,"bank":5,"value":1000,"event_transfers":0,"event_transfers_cost":0,"points_on_bench":21}],"past":[{"season_name":"2017/18","total_points":1675,"rank":3745601},{"season_name":"2018/19","total_points":1940,"rank":2611082},{"season_name":"2019/20","total_points":1713,"rank":5176271},{"season_name":"2020/21","total_points":2030,"rank":2333623},{"season_name":"2021/22","total_points":1475,"rank":7554239},{"season_name":"2022/23","total_points":1776,"rank":7774047},{"season_name":"2023/24","total_points":1934,"rank":5587164},{"season_name":"2024/25","total_points":2381,"rank":706962}],"chips":[]}