{"current":[{"event":1,"points":54,"total_points":54,"rank":4551060,"rank_sort":4589112,"overall_rank":4551053,"percentile_rank":50,"bank":0,"value":1000,"event_transfers":0,"event_transfers_cost":0,"points_on_bench":14},{"event":2,"points":38,"total_points":92,"rank":8927235,"rank_sort":8937457,"overall_rank":7012665,"percentile_rank":85,"bank":0,"value":1000,"event_transfers":0,"event_transfers_cost":0,"points_on_bench":12},{"event":3,"points":21,"total_points":113,"rank":11244214,"rank_sort":11244383,"overall_rank":9034714,"percentile_rank":100,"bank":14,"value":1000,"event_transfers":2,"event_transfers_cost":0,"points_on_bench":3}],"past":[{"season_name":"2017/18","total_points":2135,"rank":324047},{"season_name":"2018/19","total_points":1758,"rank":4375933},{"season_name":"2019/20","total_points":1829,"rank":3941415},{"season_name":"2020/21","total_points":1885,"rank":3726481},{"season_name":"2021/22","total_points":1903,"rank":3738277},{"season_name":"2022/23","total_points":2244,"rank":2153689},{"season_name":"2023/24","total_points":2013,"rank":4628757},{"season_name":"2024/25","total_points":2344,"rank":1030585}],"chips":[]}