{"current":[{"event":1,"points":75,"total_points":75,"rank":468092,"rank_sort":497064,"overall_rank":468092,"percentile_rank":5,"bank":0,"value":1000,"event_transfers":0,"event_transfers_cost":0,"points_on_bench":0},{"event":2,"points":55,"total_points":130,"rank":4022520,"rank_sort":4064513,"overall_rank":688267,"percentile_rank":40,"bank":0,"value":1001,"event_transfers":1,"event_transfers_cost":0,"points_on_bench":9},{"event":3,"points":38,"total_points":168,"rank":9091008,"rank_sort":9116471,"overall_rank":2037157,"percentile_rank":85,"bank":35,"value":1004,"event_transfers":1,"event_transfers_cost":0,"points_on_bench":19}],"past":[{"season_name":"2018/19","total_points":1692,"rank":4768224},{"season_name":"2019/20","total_points":1816,"rank":4099302},{"season_name":"2021/22","total_points":1656,"rank":6213281},{"season_name":"2022/23","total_points":1928,"rank":6124467},{"season_name":"2023/24","total_points":1958,"rank":5295039},{"season_name":"2024/25","total_points":2217,"rank":2599495}],"chips":[{"name":"bboost","time":"2025-08-05T21:49:11.708289Z","event":1}]}