{"current":[{"event":1,"points":36,"total_points":36,"rank":8771522,"rank_sort":8802419,"overall_rank":8771507,"percentile_rank":95,"bank":30,"value":1000,"event_transfers":0,"event_transfers_cost":0,"points_on_bench":18},{"event":2,"points":66,"total_points":90,"rank":1506455,"rank_sort":1507396,"overall_rank":7457200,"percentile_rank":15,"bank":10,"value":1001,"event_transfers":4,"event_transfers_cost":12,"points_on_bench":15},{"event":3,"points":36,"total_points":126,"rank":9506508,"rank_sort":9529243,"overall_rank":8172127,"percentile_rank":85,"bank":10,"value":1006,"event_transfers":0,"event_transfers_cost":0,"points_on_bench":9}],"past":[{"season_name":"2023/24","total_points":2168,"rank":2607749},{"season_name":"2024/25","total_points":2187,"rank":3032549}],"chips":[]}