{"current":[{"event":1,"points":67,"total_points":67,"rank":1392305,"rank_sort":1480610,"overall_rank":1392305,"percentile_rank":15,"bank":0,"value":1000,"event_transfers":0,"event_transfers_cost":0,"points_on_bench":7},{"event":2,"points":45,"total_points":112,"rank":7253639,"rank_sort":7304549,"overall_rank":3126374,"percentile_rank":70,"bank":0,"value":1001,"event_transfers":1,"event_transfers_cost":0,"points_on_bench":7},{"event":3,"points":58,"total_points":170,"rank":2053853,"rank_sort":2095942,"overall_rank":1763314,"percentile_rank":20,"bank":0,"value":1004,"event_transfers":0,"event_transfers_cost":0,"points_on_bench":15}],"past":[{"season_name":"2015/16","total_points":1496,"rank":2923397},{"season_name":"2018/19","total_points":1921,"rank":2844961},{"season_name":"2019/20","total_points":2026,"rank":1608537},{"season_name":"2020/21","total_points":1960,"rank":3005156},{"season_name":"2021/22","total_points":2142,"rank":1596219},{"season_name":"2022/23","total_points":2145,"rank":3396827},{"season_name":"2023/24","total_points":2239,"rank":1685334},{"season_name":"2024/25","total_points":2301,"rank":1492049}],"chips":[{"name":"wildcard","time":"2025-08-28T13:40:16.250336Z","event":3}]}