{"current":[{"event":1,"points":59,"total_points":59,"rank":3111857,"rank_sort":3285757,"overall_rank":3111856,"percentile_rank":35,"bank":0,"value":1000,"event_transfers":0,"event_transfers_cost":0,"points_on_bench":6},{"event":2,"points":52,"total_points":111,"rank":4819979,"rank_sort":4905376,"overall_rank":3227368,"percentile_rank":45,"bank":0,"value":1001,"event_transfers":0,"event_transfers_cost":0,"points_on_bench":7},{"event":3,"points":58,"total_points":169,"rank":2167081,"rank_sort":2203634,"overall_rank":1884806,"percentile_rank":20,"bank":24,"value":1003,"event_transfers":1,"event_transfers_cost":0,"points_on_bench":5}],"past":[{"season_name":"2021/22","total_points":1829,"rank":4498625},{"season_name":"2022/23","total_points":2369,"rank":885132},{"season_name":"2023/24","total_points":2469,"rank":134437},{"season_name":"2024/25","total_points":2246,"rank":2192476}],"chips":[]}