{"current":[{"event":1,"points":48,"total_points":48,"rank":6360211,"rank_sort":6585127,"overall_rank":6360201,"percentile_rank":70,"bank":0,"value":1000,"event_transfers":0,"event_transfers_cost":0,"points_on_bench":10},{"event":2,"points":53,"total_points":101,"rank":4480945,"rank_sort":4599769,"overall_rank":5333665,"percentile_rank":45,"bank":0,"value":1001,"event_transfers":0,"event_transfers_cost":0,"points_on_bench":-1},{"event":3,"points":51,"total_points":148,"rank":4547983,"rank_sort":4563686,"overall_rank":5303002,"percentile_rank":45,"bank":28,"value":1002,"event_transfers":3,"event_transfers_cost":4,"points_on_bench":13}],"past":[],"chips":[]}