{"current":[{"event":1,"points":55,"total_points":55,"rank":4223904,"rank_sort":4231143,"overall_rank":4223898,"percentile_rank":45,"bank":0,"value":1000,"event_transfers":0,"event_transfers_cost":0,"points_on_bench":4},{"event":2,"points":50,"total_points":105,"rank":5479611,"rank_sort":5482761,"overall_rank":4488328,"percentile_rank":55,"bank":0,"value":1001,"event_transfers":0,"event_transfers_cost":0,"points_on_bench":10},{"event":3,"points":58,"total_points":163,"rank":2225718,"rank_sort":2226879,"overall_rank":2738279,"percentile_rank":20,"bank":50,"value":1004,"event_transfers":2,"event_transfers_cost":0,"points_on_bench":4}],"past":[{"season_name":"2015/16","total_points":1551,"rank":2740320},{"season_name":"2017/18","total_points":1620,"rank":4123070},{"season_name":"2018/19","total_points":2056,"rank":1251976},{"season_name":"2019/20","total_points":2073,"rank":1149811},{"season_name":"2020/21","total_points":1911,"rank":3479286},{"season_name":"2021/22","total_points":2398,"rank":313838},{"season_name":"2022/23","total_points":2400,"rank":656539},{"season_name":"2023/24","total_points":2431,"rank":243137},{"season_name":"2024/25","total_points":2568,"rank":26062}],"chips":[]}