{"current":[{"event":1,"points":58,"total_points":58,"rank":3379513,"rank_sort":3380786,"overall_rank":3379511,"percentile_rank":40,"bank":0,"value":1000,"event_transfers":0,"event_transfers_cost":0,"points_on_bench":9},{"event":2,"points":69,"total_points":127,"rank":943795,"rank_sort":943942,"overall_rank":892396,"percentile_rank":10,"bank":0,"value":1000,"event_transfers":0,"event_transfers_cost":0,"points_on_bench":0},{"event":3,"points":58,"total_points":185,"rank":2225718,"rank_sort":2226109,"overall_rank":541869,"percentile_rank":20,"bank":68,"value":1004,"event_transfers":2,"event_transfers_cost":0,"points_on_bench":14}],"past":[{"season_name":"2016/17","total_points":1713,"rank":2407387},{"season_name":"2017/18","total_points":1961,"rank":1496446},{"season_name":"2018/19","total_points":1960,"rank":2367709},{"season_name":"2019/20","total_points":1661,"rank":5602938},{"season_name":"2020/21","total_points":1398,"rank":7016676},{"season_name":"2021/22","total_points":1760,"rank":5209756},{"season_name":"2022/23","total_points":2094,"rank":4052156},{"season_name":"2023/24","total_points":1841,"rank":6717501},{"season_name":"2024/25","total_points":2609,"rank":7254}],"chips":[{"name":"bboost","time":"2025-08-22T17:20:52.747629Z","event":2}]}