{"current":[{"event":1,"points":67,"total_points":67,"rank":1392305,"rank_sort":1398880,"overall_rank":1392305,"percentile_rank":15,"bank":0,"value":1000,"event_transfers":0,"event_transfers_cost":0,"points_on_bench":13},{"event":2,"points":59,"total_points":126,"rank":2759251,"rank_sort":2763391,"overall_rank":984663,"percentile_rank":30,"bank":0,"value":1001,"event_transfers":0,"event_transfers_cost":0,"points_on_bench":6},{"event":3,"points":60,"total_points":186,"rank":1599062,"rank_sort":1601589,"overall_rank":473351,"percentile_rank":15,"bank":0,"value":1004,"event_transfers":0,"event_transfers_cost":0,"points_on_bench":11}],"past":[{"season_name":"2015/16","total_points":1680,"rank":2291464},{"season_name":"2016/17","total_points":1792,"rank":1879698},{"season_name":"2017/18","total_points":1614,"rank":4158917},{"season_name":"2018/19","total_points":1925,"rank":2792559},{"season_name":"2019/20","total_points":1992,"rank":1982831},{"season_name":"2020/21","total_points":1896,"rank":3626667},{"season_name":"2021/22","total_points":2227,"rank":1033422},{"season_name":"2022/23","total_points":2293,"rank":1598559},{"season_name":"2023/24","total_points":2179,"rank":2468223},{"season_name":"2024/25","total_points":2490,"rank":152480}],"chips":[{"name":"freehit","time":"2025-08-27T10:47:32.305115Z","event":3}]}