{"current":[{"event":1,"points":79,"total_points":79,"rank":243514,"rank_sort":243925,"overall_rank":243514,"percentile_rank":5,"bank":0,"value":1000,"event_transfers":0,"event_transfers_cost":0,"points_on_bench":0},{"event":2,"points":53,"total_points":132,"rank":4480945,"rank_sort":4483472,"overall_rank":526327,"percentile_rank":45,"bank":0,"value":1001,"event_transfers":0,"event_transfers_cost":0,"points_on_bench":11},{"event":3,"points":46,"total_points":178,"rank":6302765,"rank_sort":6303453,"overall_rank":975766,"percentile_rank":60,"bank":25,"value":1006,"event_transfers":1,"event_transfers_cost":0,"points_on_bench":5}],"past":[{"season_name":"2016/17","total_points":2257,"rank":26572},{"season_name":"2017/18","total_points":2115,"rank":415680},{"season_name":"2018/19","total_points":2467,"rank":906},{"season_name":"2019/20","total_points":2185,"rank":362418},{"season_name":"2020/21","total_points":2387,"rank":109777},{"season_name":"2021/22","total_points":2509,"rank":94580},{"season_name":"2022/23","total_points":2603,"rank":11393},{"season_name":"2023/24","total_points":2376,"rank":483466},{"season_name":"2024/25","total_points":2466,"rank":230631}],"chips":[{"name":"bboost","time":"2025-08-15T17:28:13.320287Z","event":1},{"name":"wildcard","time":"2025-08-22T16:05:32.258586Z","event":2}]}