{"current":[{"event":1,"points":48,"total_points":48,"rank":6360211,"rank_sort":6419870,"overall_rank":6360201,"percentile_rank":70,"bank":5,"value":1000,"event_transfers":0,"event_transfers_cost":0,"points_on_bench":6},{"event":2,"points":38,"total_points":86,"rank":9049541,"rank_sort":9062327,"overall_rank":7917169,"percentile_rank":85,"bank":5,"value":1000,"event_transfers":1,"event_transfers_cost":0,"points_on_bench":0},{"event":3,"points":62,"total_points":148,"rank":1218279,"rank_sort":1230102,"overall_rank":5214958,"percentile_rank":15,"bank":5,"value":999,"event_transfers":0,"event_transfers_cost":0,"points_on_bench":2}],"past":[{"season_name":"2014/15","total_points":1604,"rank":2088021},{"season_name":"2015/16","total_points":1542,"rank":2772732},{"season_name":"2016/17","total_points":2044,"rank":415776},{"season_name":"2017/18","total_points":1717,"rank":3443113},{"season_name":"2018/19","total_points":1954,"rank":2441633},{"season_name":"2019/20","total_points":1834,"rank":3883271},{"season_name":"2020/21","total_points":1951,"rank":3092416},{"season_name":"2021/22","total_points":1875,"rank":4029724},{"season_name":"2022/23","total_points":2149,"rank":3353789},{"season_name":"2023/24","total_points":2189,"rank":2334841},{"season_name":"2024/25","total_points":2444,"rank":319929}],"chips":[{"name":"freehit","time":"2025-08-29T19:20:29.070178Z","event":3}]}