{"current":[{"event":1,"points":68,"total_points":68,"rank":1235729,"rank_sort":1261304,"overall_rank":1235729,"percentile_rank":15,"bank":10,"value":1000,"event_transfers":0,"event_transfers_cost":0,"points_on_bench":12},{"event":2,"points":58,"total_points":90,"rank":3287402,"rank_sort":3287482,"overall_rank":7466379,"percentile_rank":35,"bank":10,"value":1004,"event_transfers":10,"event_transfers_cost":36,"points_on_bench":18},{"event":3,"points":50,"total_points":140,"rank":4757163,"rank_sort":4771221,"overall_rank":6598744,"percentile_rank":45,"bank":19,"value":1013,"event_transfers":1,"event_transfers_cost":0,"points_on_bench":4}],"past":[],"chips":[]}