{"current":[{"event":1,"points":70,"total_points":70,"rank":958151,"rank_sort":1019657,"overall_rank":958151,"percentile_rank":15,"bank":0,"value":1000,"event_transfers":0,"event_transfers_cost":0,"points_on_bench":6},{"event":2,"points":54,"total_points":124,"rank":4168589,"rank_sort":4226770,"overall_rank":1190219,"percentile_rank":40,"bank":0,"value":1000,"event_transfers":0,"event_transfers_cost":0,"points_on_bench":6},{"event":3,"points":58,"total_points":182,"rank":2167081,"rank_sort":2193649,"overall_rank":695173,"percentile_rank":20,"bank":25,"value":1004,"event_transfers":1,"event_transfers_cost":0,"points_on_bench":4}],"past":[{"season_name":"2019/20","total_points":2052,"rank":1344486},{"season_name":"2020/21","total_points":2111,"rank":1596970},{"season_name":"2021/22","total_points":2510,"rank":92237},{"season_name":"2022/23","total_points":2516,"rank":127380},{"season_name":"2023/24","total_points":2402,"rank":354805},{"season_name":"2024/25","total_points":1969,"rank":5828903}],"chips":[]}