{"current":[{"event":1,"points":60,"total_points":60,"rank":2856515,"rank_sort":2974046,"overall_rank":2856514,"percentile_rank":35,"bank":0,"value":1000,"event_transfers":0,"event_transfers_cost":0,"points_on_bench":2},{"event":2,"points":53,"total_points":113,"rank":4480945,"rank_sort":4548705,"overall_rank":2841827,"percentile_rank":45,"bank":0,"value":1002,"event_transfers":0,"event_transfers_cost":0,"points_on_bench":7},{"event":3,"points":41,"total_points":154,"rank":8222396,"rank_sort":8254839,"overall_rank":4217967,"percentile_rank":75,"bank":23,"value":1002,"event_transfers":2,"event_transfers_cost":0,"points_on_bench":0}],"past":[{"season_name":"2024/25","total_points":2216,"rank":2613331}],"chips":[]}