{"current":[{"event":1,"points":62,"total_points":62,"rank":2372236,"rank_sort":2448772,"overall_rank":2372235,"percentile_rank":30,"bank":0,"value":1000,"event_transfers":0,"event_transfers_cost":0,"points_on_bench":10},{"event":2,"points":68,"total_points":130,"rank":1134698,"rank_sort":1151972,"overall_rank":688267,"percentile_rank":15,"bank":0,"value":1000,"event_transfers":1,"event_transfers_cost":0,"points_on_bench":0},{"event":3,"points":59,"total_points":189,"rank":1920624,"rank_sort":1937498,"overall_rank":369770,"percentile_rank":20,"bank":25,"value":1001,"event_transfers":1,"event_transfers_cost":0,"points_on_bench":2}],"past":[{"season_name":"2019/20","total_points":1676,"rank":5487352},{"season_name":"2020/21","total_points":2179,"rank":1062909},{"season_name":"2021/22","total_points":2005,"rank":2744675},{"season_name":"2022/23","total_points":2118,"rank":3742909},{"season_name":"2023/24","total_points":2110,"rank":3394400},{"season_name":"2024/25","total_points":2521,"rank":83236}],"chips":[{"name":"bboost","time":"2025-08-22T16:33:08.121151Z","event":2}]}