{"current":[{"event":1,"points":52,"total_points":52,"rank":5174831,"rank_sort":5265674,"overall_rank":5174823,"percentile_rank":55,"bank":0,"value":1000,"event_transfers":0,"event_transfers_cost":0,"points_on_bench":4},{"event":2,"points":54,"total_points":106,"rank":4331919,"rank_sort":4365781,"overall_rank":4380142,"percentile_rank":45,"bank":0,"value":1001,"event_transfers":1,"event_transfers_cost":0,"points_on_bench":13},{"event":3,"points":45,"total_points":151,"rank":6518280,"rank_sort":6552446,"overall_rank":4703284,"percentile_rank":60,"bank":0,"value":1002,"event_transfers":0,"event_transfers_cost":0,"points_on_bench":5}],"past":[{"season_name":"2017/18","total_points":1681,"rank":3707378},{"season_name":"2018/19","total_points":2021,"rank":1631612},{"season_name":"2019/20","total_points":2033,"rank":1538994},{"season_name":"2020/21","total_points":1814,"rank":4369910},{"season_name":"2021/22","total_points":2020,"rank":2607231},{"season_name":"2022/23","total_points":2335,"rank":1176623},{"season_name":"2023/24","total_points":2145,"rank":2930747},{"season_name":"2024/25","total_points":2452,"rank":284409}],"chips":[{"name":"freehit","time":"2025-08-27T17:10:55.511818Z","event":3}]}